"0","#store the different departments:"
"0","dep <- crew_gender %>% "
"0","          select(DEPARTMENT) %>% "
"0","          distinct()"
"0","dep"
"1","[38;5;246m# A tibble: 29 x 1[39m
"
"1","   DEPARTMENT           
"
"1","   [3m[38;5;246m<chr>[39m[23m                
"
"1","[38;5;250m 1[39m Directed by_         
"
"1","[38;5;250m 2[39m Writing Credits _    
"
"1","[38;5;250m 3[39m Produced by_         
"
"1","[38;5;250m 4[39m Music by_            
"
"1","[38;5;250m 5[39m Cinematography by_   
"
"1","[38;5;250m 6[39m Film Editing by_     
"
"1","[38;5;250m 7[39m Casting By_          
"
"1","[38;5;250m 8[39m Production Design by_
"
"1","[38;5;250m 9[39m Art Direction by_    
"
"1","[38;5;250m10[39m Set Decoration by_   
"
"1","[38;5;246m# ... with 19 more rows[39m
"
