"0","#create  count table:"
"0","count_gender <- table(cast_gender$GENDER)"
"0","count_gender"
"1","
"
"1"," Female "
"1","   Male "
"1","Unknown "
"1","
"
"1","    580 "
"1","   1247 "
"1","    248 "
"1","
"
"0","#create a pie chart to visualize the count:"
"0","pie <- ggplot(cast_gender, aes(x = """", fill = factor(GENDER))) + "
"0","  geom_bar(width = 1) +"
"0","  theme(axis.line = element_blank(), "
"0","        plot.title = element_text(hjust=0.5)) + "
"0","  labs(fill=""GENDER"", "
"0","       x=NULL, "
"0","       y=NULL, "
"0","       title=""Pie Chart of class"", "
"0","       caption=""Source: mpg"")"
"0","  "
"0","pie + coord_polar(theta = ""y"", start=0)"
