"0","#square_km per dpt:"
"0","km2_dpt <- dpt_data_modif_c %>% "
"0","              select(CODE_DEPT,surface_m) %>% "
"0","              mutate(surface_m = surface_m/(10^6)) "
"0","            "
"0","#Change 2A and 2B to 20:"
"0","#sum of m's for 2A and 2B:"
"0","sum_20 <- km2_dpt %>% "
"0","            filter(CODE_DEPT %in% c(""2A"",""2B"")) %>% "
"0","            summarise(sum(surface_m))"
"0","km2_dpt$CODE_DEPT <- as.character(km2_dpt$CODE_DEPT)"
"0","km2_dpt[km2_dpt$CODE_DEPT==""2A"",1] <- ""20"""
"0","km2_dpt[km2_dpt$CODE_DEPT==""2A"",2] <- sum_20"
"0","km2_dpt <- km2_dpt[!km2_dpt$CODE_DEPT == ""2B"",]"
"0","#rename CODE_DEPT to dpt:"
"0","km2_dpt <- km2_dpt %>% "
"0","              arrange(CODE_DEPT) %>% "
"0","              rename(dpt = CODE_DEPT)"
"0","#join the 2 tables together to have every information in 1 table"
"0","km2_dpt <- inner_join(km2_dpt,table_dpt_2010,by=""dpt"")"
"0","#calculate the rates"
"0","km2_dpt <- km2_dpt %>% "
"0","            mutate(sum_child=sum_child/surface_m,"
"0","                   count_coll=count_coll/surface_m,"
"0","                   sum_facts=sum_facts/surface_m) %>% "
"0","            rename(child_2010_per_km2 = sum_child,"
"0","                   coll_2010_per_km2 = count_coll,"
"0","                   facts_2010_per_km2 = sum_facts) %>% "
"0","            select(-surface_m) %>% "
"0","            arrange(dpt)"
"0","View(km2_dpt)"
"0","     "
