"0","#generate a dataframe with the top 5 payed actors for every movie:"
"0","top_pay <- cast_gender %>% "
"0","              filter(BILLING %in% c(1,2,3,4,5)) "
"0","#number of females in the top 5 for every movie:"
"0","num_fem <- f_count_fem(top_pay)"
"0","#initialize with a list of all the movies:"
"0","my_bechdel4 <- cast_gender %>% "
"0","                  select(MOVIE) %>% "
"0","                  distinct()"
"0","#add the female count column:"
"0","my_bechdel4 <- right_join(num_fem,my_bechdel4,by=""MOVIE"")"
"0","my_bechdel4[is.na(my_bechdel4[,2]),2]=0"
"0","my_bechdel4 <-  my_bechdel4 %>%"
"0","                    mutate("
"0","                       crit4 = case_when(       "
"0","                          count_fem_cast > 0  ~ 1, "
"0","                          count_fem_cast == 0  ~ 0,"
"0","                          )) "
"0","table(my_bechdel4$crit4)"
"1","
"
"1"," 0 "
"1"," 1 "
"1","
"
"1"," 3 "
"1","47 "
"1","
"
