"0","#filter out leading characters:"
"0","leading_cast <- cast_gender %>%"
"0","                  filter(TYPE == ""Leading"")"
"2","package �bindrcpp� was built under R version 3.5.1"
"0","#geberate a frequency count table:"
"0","leading_gender_count = table(leading_cast$GENDER)"
"0","leading_gender_count"
"1","
"
"1"," Female "
"1","   Male "
"1","Unknown "
"1","
"
"1","     24 "
"1","     40 "
"1","      2 "
"1","
"
"0","#generate a pie chart with the gender of leading people:"
"0","pie <- ggplot(leading_cast, aes(x = """", fill = factor(GENDER))) + "
"0","  geom_bar(width = 1) +"
"0","  theme(axis.line = element_blank(), "
"0","        plot.title = element_text(hjust=0.5)) + "
"0","  labs(fill=""GENDER"", "
"0","       x=NULL, "
"0","       y=NULL, "
"0","       title=""Pie Chart of class"", "
"0","       caption=""Source: mpg"")"
"0","  "
"0","pie + coord_polar(theta = ""y"", start=0)"
