"0","rick_test <- my_bechdel"
"0","rick_test <- rick_test %>% "
"0","                left_join(my_bechdel2,by=""MOVIE"") %>% "
"0","                select(MOVIE,crit1,crit2)"
"0","#if there is no data available, put a -1"
"0","rick_test[is.na(rick_test$crit2),""crit2""]=-1"
"0","#how many crit2 are equal to -1?"
"0","rick_test %>% "
"0","  filter(crit2 == -1) %>% "
"0","  summarise(count_minus1 = n())"
"1","[38;5;246m# A tibble: 1 x 1[39m
"
"1","  count_minus1
"
"1","         [3m[38;5;246m<int>[39m[23m
"
"1","[38;5;250m1[39m           19
"
"0","#View(rick_test)"
