"0","#use functions to count males and females having a supporting role:"
"0","num_fem <- f_count_fem(supp_gender)"
"0","num_male <- f_count_male(supp_gender)"
"0","#View(num_fem)"
"0","#select a list of distinct movies where we have information about a supporting actor"
"0","my_bechdel3 <- supp_gender %>% "
"0","                  select(MOVIE) %>%  "
"0","                   distinct(MOVIE)"
"0","#View(my_bechdel3)"
"0","#add the female count column:"
"0","my_bechdel3 <- right_join(num_fem,my_bechdel3,by=""MOVIE"")"
"0","my_bechdel3[is.na(my_bechdel3[,2]),2]=0"
"0","#add a male count column:"
"0","my_bechdel3 <- right_join(num_male,my_bechdel3,by=""MOVIE"")"
"0","my_bechdel3[is.na(my_bechdel3[,2]),2]=0"
"0","#calculate the ratio:"
"0","my_bechdel3 <-  my_bechdel3 %>% "
"0","                    mutate(crit3_test = count_fem_cast/(count_male_cast+count_fem_cast))"
"0","#final crit3 (1: passed criterium, 0: not passed, -1 if NA as we do not have enough data)"
"0","my_bechdel3 <-  my_bechdel3 %>%"
"0","                    mutate(crit1_test = count_fem_cast/(count_fem_cast+count_male_cast),"
"0","                       crit3 = case_when(       "
"0","                          crit3_test > 0.4  ~ 1, "
"0","                          crit3_test <= 0.4 ~ 0,"
"0","                          is.na(crit3_test) == TRUE ~ -1)) "
"0","table(my_bechdel3$crit3)"
"1","
"
"1"," 0 "
"1"," 1 "
"1","
"
"1","37 "
"1","13 "
"1","
"
