"0","#As we need to count the gender for a few criteria, we create a function to have a reproductible code. In R, functions cannot return multiple values, so we need to create 2 seperate functions:"
"0","#count females function:"
"0","f_count_fem <- function(df){"
"0","  num_fem <- df %>% "
"0","                  filter(GENDER == ""Female"") %>% "
"0","                  group_by(MOVIE) %>% "
"0","                  summarise(count_fem_cast = n())"
"0","  return(num_fem)}"
"0","#count males function:"
"0","f_count_male <- function(df){"
"0","  num_male <- df %>% "
"0","                  filter(GENDER == ""Male"") %>% "
"0","                  group_by(MOVIE) %>% "
"0","                  summarise(count_male_cast = n()) "
"0","  return(num_male)}"
"0","num_fem <- f_count_fem(cast_gender)"
"0","num_male <- f_count_male(cast_gender)"
"0","#Join the count per movie data frames and calculate the ratio:"
"0","my_bechdel <- inner_join(num_fem,num_male,by=""MOVIE"")"
"0","my_bechdel <- my_bechdel %>% "
"0","                mutate(crit1_test = count_fem_cast/(count_fem_cast+count_male_cast),"
"0","                       crit1 = case_when(       "
"0","                          crit1_test > 0.3  ~ 1, crit1_test <= 0.3 ~ 0))      "
"0","table(my_bechdel$crit1) "
"1","
"
"1"," 0 "
"1"," 1 "
"1","
"
"1","19 "
"1","31 "
"1","
"
"0","#View(my_bechdel)"
