"0","#revenue <- read_csv(""data/Bechdel-master_revenue.csv"")"
"0","#delete the index column and prepare table for join operation:"
"0","#revenue <- revenue %>% "
"0","#              select(-1) %>% "
"0","#              rename(MOVIE=Movie)"
"0","#View(revenue)"
"0","#join the data with a list of movies that we are going to test:"
"0","#movie_list <- cast_gender %>% "
"0","#                  select(MOVIE) %>% "
"0","#                  distinct()"
"0","#View(movie_list)"
"0","#revenue <- inner_join(movie_list,revenue,by=""MOVIE"")"
"0","#View(revenue)"
