"0","faits_2010_modif2=read_csv(""data/faits_2010_modif.csv"")
"
"2","Parsed with column specification:
cols(
  Index = col_integer(),
  Libell� = col_character(),
  dpt = col_character(),
  nombre = col_integer()
)
"
"2","number of columns of result is not a multiple of vector length (arg 2)"
"2","1 parsing failure.
row [38;5;246m# A tibble: 1 x 5[39m col     row col    expected               actual file                        expected   [3m[38;5;246m<int>[39m[23m [3m[38;5;246m<chr>[39m[23m  [3m[38;5;246m<chr>[39m[23m                  [3m[38;5;246m<chr>[39m[23m  [3m[38;5;246m<chr>[39m[23m                       actual [38;5;250m1[39m  [4m7[24m370 nombre no trailing characters e3     'data/faits_2010_modif.csv' file [38;5;246m# A tibble: 1 x 5[39m
"
