"0","# n_facts_per_dpt : facts related by the police services per department in 2010"
"0","# n_college_2010_dp : number of colleges in 2010 per dpt"
"0","# n_child_2010_dp: number of children born per dpt in 2010"
"0","n_child_2010_dp <- prenoms_c %>% "
"0","                    filter(year == 2010) %>%"
"0","                    group_by(dpt) %>% "
"0","                    arrange(dpt) %>% "
"0","                    summarise(sum_child=sum(n))"
"0","#join the tables:"
"0","table_dpt_2010 <- inner_join(n_child_2010_dp, n_college_2010_dp, by = ""dpt"")"
"0","table_dpt_2010 <- inner_join(table_dpt_2010,n_facts_per_dpt, by = ""dpt"")"
"0","#arrang in descending order:"
"0","table_dpt_2010 <- table_dpt_2010 %>% arrange(desc(sum_child),desc(count_coll),desc(sum_facts))"
