"0","#first, modify the crew_gender data set to make it suitable for our analysis."
"0","#change the name from GENDER_GUESS to GENDER:"
"0","crew_gender <- crew_gender %>% rename(GENDER = GENDER_GUESS)"
"0","#delete the ""-(2016)"" that is added to every movie, so that we can perfom a join operator"
"0","crew_gender <- crew_gender %>% mutate(MOVIE = str_sub(MOVIE,1,str_length(MOVIE)-7))"
"0","#crew that does stunts"
"0","stunt <- crew_gender %>% "
"0","            filter(DEPARTMENT == ""Stunts_"")"
"0","#create a pie chart to visualize the count:"
"0","pie <- ggplot(stunt, aes(x = """", fill = factor(GENDER))) + "
"0","  geom_bar(width = 1) +"
"0","  theme(axis.line = element_blank(), "
"0","        plot.title = element_text(hjust=0.5)) + "
"0","  labs(fill=""GENDER"", "
"0","       x=NULL, "
"0","       y=NULL, "
"0","       title=""Pie Chart of class"", "
"0","       caption=""Source: mpg"")"
"0","pie + coord_polar(theta = ""y"", start=0)  "
