"0","#View(new_bechdel)"
"0","head(cast_gender)"
"1","[38;5;246m# A tibble: 6 x 6[39m
"
"1","  MOVIE                                ACTOR          CHARACTER_NAME  TYPE       BILLING GENDER
"
"1","  [3m[38;5;246m<chr>[39m[23m                                [3m[38;5;246m<chr>[39m[23m          [3m[38;5;246m<chr>[39m[23m           [3m[38;5;246m<chr>[39m[23m        [3m[38;5;246m<int>[39m[23m [3m[38;5;246m<chr>[39m[23m 
"
"1","[38;5;250m1[39m Tyler Perry’s Boo! A Madea Halloween Tyler Perry    Madea/Joe/Brian Leading          1 Male  
"
"1","[38;5;250m2[39m Tyler Perry’s Boo! A Madea Halloween Cassi Davis    Aunt Bam        Supporting       2 Female
"
"1","[38;5;250m3[39m Tyler Perry’s Boo! A Madea Halloween Patrice Lovely Hattie          Supporting       3 Female
"
"1","[38;5;250m4[39m Tyler Perry’s Boo! A Madea Halloween Yousef Erakat  Jonathan        Supporting       4 Male  
"
"1","[38;5;250m5[39m Tyler Perry’s Boo! A Madea Halloween Lexy Panterra  Leah            Supporting       5 Female
"
"1","[38;5;250m6[39m Tyler Perry’s Boo! A Madea Halloween Andre Hall     Quinton         Supporting       6 Male  
"
"0","dim(cast_gender)"
"1","[1]"
"1"," 2075"
"1","    6"
"1","
"
"0","names(cast_gender)"
"1","[1]"
"1"," ""MOVIE""         "
"1"," ""ACTOR""         "
"1"," ""CHARACTER_NAME"""
"1"," ""TYPE""          "
"1"," ""BILLING""       "
"1"," ""GENDER""        "
"1","
"
"0","summary(cast_gender)"
"1","    MOVIE          "
"1","    ACTOR          "
"1"," CHARACTER_NAME    "
"1","     TYPE          "
"1","    BILLING      "
"1","    GENDER         "
"1","
"
"1"," Length:2075       "
"1"," Length:2075       "
"1"," Length:2075       "
"1"," Length:2075       "
"1"," Min.   :  1.00  "
"1"," Length:2075       "
"1","
"
"1"," Class :character  "
"1"," Class :character  "
"1"," Class :character  "
"1"," Class :character  "
"1"," 1st Qu.: 11.00  "
"1"," Class :character  "
"1","
"
"1"," Mode  :character  "
"1"," Mode  :character  "
"1"," Mode  :character  "
"1"," Mode  :character  "
"1"," Median : 23.00  "
"1"," Mode  :character  "
"1","
"
"1","                   "
"1","                   "
"1","                   "
"1","                   "
"1"," Mean   : 28.21  "
"1","                   "
"1","
"
"1","                   "
"1","                   "
"1","                   "
"1","                   "
"1"," 3rd Qu.: 39.00  "
"1","                   "
"1","
"
"1","                   "
"1","                   "
"1","                   "
"1","                   "
"1"," Max.   :122.00  "
"1","                   "
"1","
"
"1","                   "
"1","                   "
"1","                   "
"1","                   "
"1"," NA's   :1       "
"1","                   "
"1","
"
"0","#View(cast_gender)"
"0","#How many different movies are in the df?"
"0","cast_gender %>% "
"0","  distinct(MOVIE) %>% "
"0","  summarise(count_movies_cast=n())"
"1","[38;5;246m# A tibble: 1 x 1[39m
"
"1","  count_movies_cast
"
"1","              [3m[38;5;246m<int>[39m[23m
"
"1","[38;5;250m1[39m                50
"
