{"chunk_definitions":[{"chunk_id":"csetup_chunk","chunk_label":"setup","document_id":"E49F51C2","expansion_state":0,"options":{"engine":"r","include":false,"label":"setup"},"row":25,"row_count":1,"visible":true},{"chunk_id":"ctgx3ick978ci","chunk_label":"unnamed-chunk-1","document_id":"E49F51C2","expansion_state":0,"options":{"engine":"r","label":"unnamed-chunk-1","message":false,"warning":false},"row":32,"row_count":1,"visible":true},{"chunk_id":"cr2a0qdmxtkjt","chunk_label":"unnamed-chunk-2","document_id":"E49F51C2","expansion_state":0,"options":{"engine":"r","label":"unnamed-chunk-2","message":false,"warning":false},"row":52,"row_count":1,"visible":true},{"chunk_id":"ca6ssra2nkh05","chunk_label":"unnamed-chunk-3","document_id":"E49F51C2","expansion_state":0,"options":{"engine":"r","label":"unnamed-chunk-3"},"row":71,"row_count":1,"visible":true},{"chunk_id":"c4lnr01aqy5jk","chunk_label":"unnamed-chunk-4","document_id":"E49F51C2","expansion_state":0,"options":{"engine":"r","label":"unnamed-chunk-4"},"row":87,"row_count":1,"visible":true},{"chunk_id":"c9d5lev96l70b","chunk_label":"unnamed-chunk-5","document_id":"E49F51C2","expansion_state":0,"options":{"engine":"r","label":"unnamed-chunk-5"},"row":124,"row_count":1,"visible":true},{"chunk_id":"cfz1lr56b8rv4","chunk_label":"unnamed-chunk-6","document_id":"E49F51C2","expansion_state":0,"options":{"engine":"r","label":"unnamed-chunk-6"},"row":158,"row_count":1,"visible":true},{"chunk_id":"cjuf569kb6wz7","chunk_label":"unnamed-chunk-7","document_id":"E49F51C2","expansion_state":0,"options":{"engine":"r","label":"unnamed-chunk-7"},"row":196,"row_count":1,"visible":true},{"chunk_id":"c9c6cfoy82exi","chunk_label":"unnamed-chunk-8","document_id":"E49F51C2","expansion_state":0,"options":{"engine":"r","label":"unnamed-chunk-8"},"row":234,"row_count":1,"visible":true},{"chunk_id":"clcjexrx2v7xe","chunk_label":"unnamed-chunk-9","document_id":"E49F51C2","expansion_state":0,"options":{"engine":"r","label":"unnamed-chunk-9"},"row":251,"row_count":1,"visible":true},{"chunk_id":"cch3lihciib3w","chunk_label":"unnamed-chunk-10","document_id":"E49F51C2","expansion_state":0,"options":{"engine":"r","label":"unnamed-chunk-10"},"row":275,"row_count":1,"visible":true},{"chunk_id":"c66fperv4sq8b","chunk_label":"unnamed-chunk-11","document_id":"E49F51C2","expansion_state":0,"options":{"engine":"r","label":"unnamed-chunk-11"},"row":303,"row_count":1,"visible":true},{"chunk_id":"csg4ttywxx0ba","chunk_label":"unnamed-chunk-12","document_id":"E49F51C2","expansion_state":0,"options":{"engine":"r","label":"unnamed-chunk-12"},"row":340,"row_count":1,"visible":true},{"chunk_id":"c41iybecg9fc1","chunk_label":"unnamed-chunk-13","document_id":"E49F51C2","expansion_state":0,"options":{"engine":"r","label":"unnamed-chunk-13"},"row":356,"row_count":1,"visible":true},{"chunk_id":"cjtw2k3e6xiav","chunk_label":"unnamed-chunk-14","document_id":"E49F51C2","expansion_state":0,"options":{"engine":"r","label":"unnamed-chunk-14"},"row":406,"row_count":1,"visible":true},{"chunk_id":"clqlut67ivqhg","chunk_label":"unnamed-chunk-15","document_id":"E49F51C2","expansion_state":0,"options":{"engine":"r","label":"unnamed-chunk-15"},"row":428,"row_count":1,"visible":true},{"chunk_id":"cqdvcrmgs9fr1","chunk_label":"unnamed-chunk-16","document_id":"E49F51C2","expansion_state":0,"options":{"engine":"r","label":"unnamed-chunk-16"},"row":433,"row_count":1,"visible":true},{"chunk_id":"c7oqjsse5m2kv","chunk_label":"unnamed-chunk-17","document_id":"E49F51C2","expansion_state":0,"options":{"engine":"r","label":"unnamed-chunk-17"},"row":446,"row_count":1,"visible":true},{"chunk_id":"cahvd7garf9no","chunk_label":"unnamed-chunk-18","document_id":"E49F51C2","expansion_state":0,"options":{"engine":"r","label":"unnamed-chunk-18"},"row":495,"row_count":1,"visible":true},{"chunk_id":"cle2iqmbhhgp0","chunk_label":"unnamed-chunk-19","document_id":"E49F51C2","expansion_state":0,"options":{"engine":"r","label":"unnamed-chunk-19"},"row":550,"row_count":1,"visible":true},{"chunk_id":"ctxeplbikodug","chunk_label":"unnamed-chunk-20","document_id":"E49F51C2","expansion_state":0,"options":{"engine":"r","label":"unnamed-chunk-30"},"row":559,"row_count":1,"visible":true},{"chunk_id":"cxj07pp9pdjus","chunk_label":"unnamed-chunk-21","document_id":"E49F51C2","expansion_state":0,"options":{"engine":"r","label":"unnamed-chunk-29"},"row":575,"row_count":1,"visible":true},{"chunk_id":"cj5n0dbre0mga","chunk_label":"unnamed-chunk-22","document_id":"E49F51C2","expansion_state":0,"options":{"engine":"r","label":"unnamed-chunk-20","message":false,"warning":false},"row":598,"row_count":1,"visible":true}],"default_chunk_options":{"echo":true,"error":false},"doc_write_time":1541105711,"working_dir":null}