"0","#number of children between 11 and 14 years (born in 1996-1999 inclusive(assumption)) per department"
"0","n_child_11_14_dp <- prenoms_c %>% "
"0","                    filter(year %in% 1996:1999) %>%"
"0","                    group_by(dpt) %>% "
"0","                    arrange(dpt) %>% "
"0","                    summarise(sum_child=sum(n))"
"0","dim(n_child_11_14_dp) #95 rows -> dpt =1 to dpt= 95"
"1","[1]"
"1"," 95"
"1","  2"
"1","
"
"0","#number of colleges in 2010 per departments"
"0","n_college_2010_dp <- dpp_modif_c %>% "
"0","                        filter(nature_uai %in% c(352,350,340)) %>% ###A ourvir???????"
"0","                        group_by(dpt) %>% "
"0","                        arrange(dpt) %>% "
"0","                        summarise(count_coll=n()) "
"0","dim(n_college_2010_dp) #96 rows -->one row contains NA, i.e. 9840422L has null entries!"
"1","[1]"
"1"," 96"
"1","  2"
"1","
"
"0","n_college_2010_dp <- n_college_2010_dp %>% drop_na() #remove the NAs"
"0","dim(n_college_2010_dp) #95 rows as well now"
"1","[1]"
"1"," 95"
"1","  2"
"1","
"
"0","#Calculate averae per dpt, sort in decreasing order and rename column to avg_child_per_dpt"
"0","average_dpt <- n_child_11_14_dp"
"0","average_dpt$sum_child <- n_child_11_14_dp$sum_child/n_college_2010_dp$count_coll"
"0","average_dpt <- average_dpt %>% "
"0","                  arrange(desc(sum_child)) %>% "
"0","                  rename(avg_child_per_dpt = sum_child)"
"0","average_dpt"
"1","[38;5;246m# A tibble: 95 x 2[39m
"
"1","   dpt   avg_child_per_dpt
"
"1","   [3m[38;5;246m<chr>[39m[23m             [3m[38;5;246m<dbl>[39m[23m
"
"1","[38;5;250m 1[39m 75                 717.
"
"1","[38;5;250m 2[39m 92                 608.
"
"1","[38;5;250m 3[39m 69                 517.
"
"1","[38;5;250m 4[39m 59                 478.
"
"1","[38;5;250m 5[39m 76                 450.
"
"1","[38;5;250m 6[39m 84                 429.
"
"1","[38;5;250m 7[39m 42                 416.
"
"1","[38;5;250m 8[39m 51                 414.
"
"1","[38;5;250m 9[39m 74                 413.
"
"1","[38;5;250m10[39m 68                 411.
"
"1","[38;5;246m# ... with 85 more rows[39m
"
