"0","#this variable stores the amount of data we have in the type column with respect to different movies"
"0","types_count <- cast_gender %>% "
"0","                  select(MOVIE,TYPE) %>% "
"0","                  group_by(TYPE) %>%"
"0","                  distinct(MOVIE) %>% "
"0","                  summarize(count_movies=n()) "
"0","#barplot of our resulting count table:"
"0","ggplot(types_count, aes(x=TYPE, y=count_movies)) + "
"0","  geom_bar(stat=""identity"", width=.5, fill=""tomato3"") + "
"0","  labs(title=""Ordered Bar Chart"", "
"0","       subtitle=""Make Vs Avg. Mileage"", "
"0","       caption=""source: mpg"") + "
"0","  theme(axis.text.x = element_text(angle=65, vjust=0.6))"
