"0","faits_2010 = read_excel(""data/faitsconstatespardepartementde2002-a-2011.xls"", sheet = ""2010"")"
"0","#change the column names to the names that are currently stored in the second row"
"0","colnames(faits_2010) = faits_2010[2, ]"
"0","#delte row 1 to 3, as they are not needed anymore."
"0","#row 1 is empty, row 2 contains the titles so it is no longer needed and row 3 contains the excel computation ""Tout_Index"""""
"0","faits_2010=faits_2010[-(1:3), ,drop=FALSE]"
"0","#Now we need to delete the column containing the excel computation ""Tout_Departement"""
"0","faits_2010 <- faits_2010 %>% "
"0","                select(-""Tout département"")"
"0","#gather"
"0","faits_2010 <- gather(faits_2010,""dpt"",""nombre"",3:98)"
"0","#delete column ""Service Ã  comp?tence national"""
"0","faits_2010 <- faits_2010 %>% "
"0","                select(-""Service à compétence national"")"
"0","write.csv(faits_2010, file = ""data/faits_2010_modif2.csv"")"
