"0","#store top 5 , top 4 and top 3 payed actors respectively:"
"0","top_pay5 <- top_pay"
"0","top_pay4 <- cast_gender %>% "
"0","              filter(BILLING %in% c(1,2,3,4))"
"0","top_pay3 <- cast_gender %>% "
"0","              filter(BILLING %in% c(1,2,3))"
"0","#generate 3 count plots that count the number of women and men for the 3 datasets respectively:"
"0","g5 <- ggplot(top_pay5,aes(GENDER) ) + geom_bar(aes(fill = GENDER))"
"0","g4 <- ggplot(top_pay4,aes(GENDER) ) + geom_bar(aes(fill = GENDER))"
"0","g3 <- ggplot(top_pay3,aes(GENDER) ) + geom_bar(aes(fill = GENDER))"
"0","#top 5 payed actors, plot the count of women, men and unknown:"
"0","g5"
