{"chunk_definitions":[{"chunk_id":"c781xeufcpstu","chunk_label":"unnamed-chunk-2","document_id":"F0011AB3","expansion_state":0,"options":{"echo":false,"engine":"r","eval":false,"label":"unnamed-chunk-6"},"row":31,"row_count":1,"visible":true},{"chunk_id":"c52iaovdvcrpr","chunk_label":"unnamed-chunk-3","document_id":"F0011AB3","expansion_state":0,"options":{"engine":"r","label":"unnamed-chunk-12","message":false,"warning":false},"row":45,"row_count":1,"visible":true},{"chunk_id":"cax1sgba4g59t","chunk_label":"unnamed-chunk-5","document_id":"F0011AB3","expansion_state":0,"options":{"engine":"r","label":"unnamed-chunk-13"},"row":62,"row_count":1,"visible":true},{"chunk_id":"cygaxzzfqni24","chunk_label":"unnamed-chunk-6","document_id":"F0011AB3","expansion_state":0,"options":{"engine":"r","eval":false,"label":"unnamed-chunk-14"},"row":74,"row_count":1,"visible":true},{"chunk_id":"c21wrc9fzgcgt","chunk_label":"unnamed-chunk-7","document_id":"F0011AB3","expansion_state":0,"options":{"engine":"r","label":"unnamed-chunk-15"},"row":80,"row_count":1,"visible":true},{"chunk_id":"cggk4bbn31y7v","chunk_label":"unnamed-chunk-8","document_id":"F0011AB3","expansion_state":0,"options":{"engine":"r","label":"unnamed-chunk-19","message":false},"row":89,"row_count":1,"visible":true},{"chunk_id":"clzjyvi2xbwu0","chunk_label":"unnamed-chunk-9","document_id":"F0011AB3","expansion_state":0,"options":{"engine":"r","label":"unnamed-chunk-41","message":false},"row":117,"row_count":1,"visible":true},{"chunk_id":"cryycb9ehi298","chunk_label":"unnamed-chunk-10","document_id":"F0011AB3","expansion_state":0,"options":{"engine":"r","label":"unnamed-chunk-46"},"row":127,"row_count":1,"visible":true},{"chunk_id":"csv90aieh2i7n","chunk_label":"unnamed-chunk-11","document_id":"F0011AB3","expansion_state":0,"options":{"engine":"r","label":"unnamed-chunk-57"},"row":169,"row_count":1,"visible":true},{"chunk_id":"cdr980k1plokr","chunk_label":"unnamed-chunk-12","document_id":"F0011AB3","expansion_state":0,"options":{"engine":"r","label":"unnamed-chunk-64"},"row":179,"row_count":1,"visible":true},{"chunk_id":"cay3h2j46ebtp","chunk_label":"unnamed-chunk-13","document_id":"F0011AB3","expansion_state":0,"options":{"engine":"r","label":"unnamed-chunk-76"},"row":275,"row_count":1,"visible":true},{"chunk_id":"cetpu25cndzwi","chunk_label":"unnamed-chunk-14","document_id":"F0011AB3","expansion_state":0,"options":{"engine":"r","label":"unnamed-chunk-77"},"row":300,"row_count":1,"visible":true},{"chunk_id":"cyh8ah1bhgrz8","chunk_label":"unnamed-chunk-15","document_id":"F0011AB3","expansion_state":0,"options":{"engine":"r","label":"unnamed-chunk-78"},"row":336,"row_count":1,"visible":true},{"chunk_id":"cs7s030fjx9lc","chunk_label":"unnamed-chunk-16","document_id":"F0011AB3","expansion_state":0,"options":{"engine":"r","label":"unnamed-chunk-79"},"row":350,"row_count":1,"visible":true},{"chunk_id":"c2maj4wfba5lp","chunk_label":"unnamed-chunk-17","document_id":"F0011AB3","expansion_state":0,"options":{"engine":"r","label":"unnamed-chunk-80"},"row":375,"row_count":1,"visible":true},{"chunk_id":"cgq06nsvzfqk6","chunk_label":"unnamed-chunk-18","document_id":"F0011AB3","expansion_state":0,"options":{"engine":"r","label":"unnamed-chunk-81"},"row":422,"row_count":1,"visible":true},{"chunk_id":"c2p2zarchn78j","chunk_label":"unnamed-chunk-19","document_id":"F0011AB3","expansion_state":0,"options":{"engine":"r","label":"unnamed-chunk-82"},"row":430,"row_count":1,"visible":true},{"chunk_id":"cuop9f7qpn74b","chunk_label":"unnamed-chunk-20","document_id":"F0011AB3","expansion_state":0,"options":{"engine":"r","label":"unnamed-chunk-87"},"row":469,"row_count":1,"visible":true}],"doc_write_time":1541104288}