"0","#use functions to count males and females having a leading role:"
"0","num_fem <- f_count_fem(leading_cast)"
"0","num_male <- f_count_male(leading_cast)"
"0","#View(num_fem)"
"0","#Reminder: leading_cast -> information about the leading actors for every movie"
"0","#select a list of distinct movies where we have information about a leading actor"
"0","my_bechdel2 <- leading_cast %>% "
"0","                  select(MOVIE) %>%  "
"0","                   distinct(MOVIE)"
"0","#add the female count column:"
"0","my_bechdel2 <- right_join(num_fem,my_bechdel2,by=""MOVIE"")"
"0","my_bechdel2[is.na(my_bechdel2[,2]),2]=0"
"0","#add a male count column:"
"0","my_bechdel2 <- right_join(num_male,my_bechdel2,by=""MOVIE"")"
"0","my_bechdel2[is.na(my_bechdel2[,2]),2]=0"
"0","#calculate the ratio:"
"0","my_bechdel2 <-  my_bechdel2 %>% "
"0","                    mutate(crit2_test = count_fem_cast/(count_male_cast+count_fem_cast))"
"0","#final crit2 (1: passed criterium, 0: not passed)"
"0","my_bechdel2 <-  my_bechdel2 %>%"
"0","                    mutate(crit1_test = count_fem_cast/(count_fem_cast+count_male_cast),"
"0","                       crit2 = case_when(       "
"0","                          crit2_test > 0.4  ~ 1, crit2_test <= 0.4 ~ 0)) "
"0","table(my_bechdel2$crit2)"
"1","
"
"1"," 0 "
"1"," 1 "
"1","
"
"1","15 "
"1","16 "
"1","
"
"0","#16 out of 31 movies pass this part of the test (+/- 50%)"
"0","            "
"0","#View(my_bechdel2)"
