"0","#count females function:"
"0","f_count_fem_crew <- function(df){"
"0","  num_fem <- df %>% "
"0","                  filter(GENDER == ""female"") %>% "
"0","                  group_by(MOVIE) %>% "
"0","                  summarise(count_fem_cast = n())"
"0","  return(num_fem)}"
"0","#count males function:"
"0","f_count_male_crew <- function(df){"
"0","  num_male <- df %>% "
"0","                  filter(GENDER == ""male"") %>% "
"0","                  group_by(MOVIE) %>% "
"0","                  summarise(count_male_cast = n()) "
"0","  return(num_male)}"
"0","#number of female stunman:"
"0","num_fem_stunt <- f_count_fem_crew(stunt)"
"0","  "
"0","#number of male makeup artists:"
"0","num_male_makeup <- f_count_male_crew(makeup)"
"0","#initialize as list of all movies:"
"0","my_bechdel5 <- cast_gender %>% "
"0","                  select(MOVIE) %>% "
"0","                  distinct()"
"0","View(my_bechdel5)"
"0","#add female stuntman count column:"
"0","my_bechdel5 <- right_join(num_fem_stunt,my_bechdel5,by=""MOVIE"")"
"0","#replace NAs by 0"
"0","my_bechdel5[is.na(my_bechdel5[,2]),2]=0"
"0","#add male makeup artists:"
"0","my_bechdel5 <- right_join(num_male_makeup,my_bechdel5,by=""MOVIE"")"
"0","#replace NAs by 0"
"0","my_bechdel5[is.na(my_bechdel5[,2]),2]=0"
"0","#create the crit5 column: if not 0 in both columns for 1 movie --> pass test"
"0","my_bechdel5 <-  my_bechdel5 %>%"
"0","                    mutate("
"0","                       crit5 = case_when(       "
"0","                          count_male_cast != 0 & count_fem_cast != 0 ~ 1, #if both are different from 0, pass test(->1)"
"0","                          count_male_cast == 0 | count_fem_cast == 0 ~ 0 #if one at least is equal to 0 , do not pass the test (->0)"
"0","                          ) )"
"0","table(my_bechdel5$crit5)"
"1","
"
"1"," 0 "
"1"," 1 "
"1","
"
"1","47 "
"1"," 3 "
"1","
"
"0","#View(my_bechdel5)"
