"0","### ASSUMPTIONS: ###"
"0","# every children between 11 and 14 years old is in a college"
"0","# the number of college is constant between 2010 and 2016"
"0","# College ""Ã  ouvrir"" (i.e. ""to be open"") do not have children. Others have."
"0","#number of children between 11 and 14 years (born in 1996-1999 inclusive(assumption))"
"0","n_child_11_14 <- prenoms_c %>% "
"0","                    filter(year %in% 1996:1999) %>% "
"0","                    summarise(sum(n))"
"0","#number of colleges in 2010"
"0","n_college_2010 <- dpp_modif_c %>% "
"0","                    filter(nature_uai %in% c(352,350,340)) %>%    ###A ourvir???????"
"0","                    summarise(n())"
"0","average=n_child_11_14/n_college_2010"
"0","average"
"1"," "
"1","   sum(n)"
"1","
1"
"1"," 348.3322"
"1","
"
